Date,Year,Month Num,Month,MMM-YYYY,Day Number,Day Name
1/1/2020,2020,1,January,Jan-20,4,Wednesday
1/2/2020,2020,1,January,Jan-20,5,Thursday
1/3/2020,2020,1,January,Jan-20,6,Friday
1/4/2020,2020,1,January,Jan-20,7,Saturday
1/5/2020,2020,1,January,Jan-20,1,Sunday
1/6/2020,2020,1,January,Jan-20,2,Monday
1/7/2020,2020,1,January,Jan-20,3,Tuesday
1/8/2020,2020,1,January,Jan-20,4,Wednesday
1/9/2020,2020,1,January,Jan-20,5,Thursday
1/10/2020,2020,1,January,Jan-20,6,Friday
1/11/2020,2020,1,January,Jan-20,7,Saturday
1/12/2020,2020,1,January,Jan-20,1,Sunday
1/13/2020,2020,1,January,Jan-20,2,Monday
1/14/2020,2020,1,January,Jan-20,3,Tuesday
1/15/2020,2020,1,January,Jan-20,4,Wednesday
1/16/2020,2020,1,January,Jan-20,5,Thursday
1/17/2020,2020,1,January,Jan-20,6,Friday
1/18/2020,2020,1,January,Jan-20,7,Saturday
1/19/2020,2020,1,January,Jan-20,1,Sunday
1/20/2020,2020,1,January,Jan-20,2,Monday
1/21/2020,2020,1,January,Jan-20,3,Tuesday
1/22/2020,2020,1,January,Jan-20,4,Wednesday
1/23/2020,2020,1,January,Jan-20,5,Thursday
1/24/2020,2020,1,January,Jan-20,6,Friday
1/25/2020,2020,1,January,Jan-20,7,Saturday
1/26/2020,2020,1,January,Jan-20,1,Sunday
1/27/2020,2020,1,January,Jan-20,2,Monday
1/28/2020,2020,1,January,Jan-20,3,Tuesday
1/29/2020,2020,1,January,Jan-20,4,Wednesday
1/30/2020,2020,1,January,Jan-20,5,Thursday
1/31/2020,2020,1,January,Jan-20,6,Friday
2/1/2020,2020,2,February,Feb-20,7,Saturday
2/2/2020,2020,2,February,Feb-20,1,Sunday
2/3/2020,2020,2,February,Feb-20,2,Monday
2/4/2020,2020,2,February,Feb-20,3,Tuesday
2/5/2020,2020,2,February,Feb-20,4,Wednesday
2/6/2020,2020,2,February,Feb-20,5,Thursday
2/7/2020,2020,2,February,Feb-20,6,Friday
2/8/2020,2020,2,February,Feb-20,7,Saturday
2/9/2020,2020,2,February,Feb-20,1,Sunday
2/10/2020,2020,2,February,Feb-20,2,Monday
2/11/2020,2020,2,February,Feb-20,3,Tuesday
2/12/2020,2020,2,February,Feb-20,4,Wednesday
2/13/2020,2020,2,February,Feb-20,5,Thursday
2/14/2020,2020,2,February,Feb-20,6,Friday
2/15/2020,2020,2,February,Feb-20,7,Saturday
2/16/2020,2020,2,February,Feb-20,1,Sunday
2/17/2020,2020,2,February,Feb-20,2,Monday
2/18/2020,2020,2,February,Feb-20,3,Tuesday
2/19/2020,2020,2,February,Feb-20,4,Wednesday
2/20/2020,2020,2,February,Feb-20,5,Thursday
2/21/2020,2020,2,February,Feb-20,6,Friday
2/22/2020,2020,2,February,Feb-20,7,Saturday
2/23/2020,2020,2,February,Feb-20,1,Sunday
2/24/2020,2020,2,February,Feb-20,2,Monday
2/25/2020,2020,2,February,Feb-20,3,Tuesday
2/26/2020,2020,2,February,Feb-20,4,Wednesday
2/27/2020,2020,2,February,Feb-20,5,Thursday
2/28/2020,2020,2,February,Feb-20,6,Friday
2/29/2020,2020,2,February,Feb-20,7,Saturday
3/1/2020,2020,3,March,Mar-20,1,Sunday
3/2/2020,2020,3,March,Mar-20,2,Monday
3/3/2020,2020,3,March,Mar-20,3,Tuesday
3/4/2020,2020,3,March,Mar-20,4,Wednesday
3/5/2020,2020,3,March,Mar-20,5,Thursday
3/6/2020,2020,3,March,Mar-20,6,Friday
3/7/2020,2020,3,March,Mar-20,7,Saturday
3/8/2020,2020,3,March,Mar-20,1,Sunday
3/9/2020,2020,3,March,Mar-20,2,Monday
3/10/2020,2020,3,March,Mar-20,3,Tuesday
3/11/2020,2020,3,March,Mar-20,4,Wednesday
3/12/2020,2020,3,March,Mar-20,5,Thursday
3/13/2020,2020,3,March,Mar-20,6,Friday
3/14/2020,2020,3,March,Mar-20,7,Saturday
3/15/2020,2020,3,March,Mar-20,1,Sunday
3/16/2020,2020,3,March,Mar-20,2,Monday
3/17/2020,2020,3,March,Mar-20,3,Tuesday
3/18/2020,2020,3,March,Mar-20,4,Wednesday
3/19/2020,2020,3,March,Mar-20,5,Thursday
3/20/2020,2020,3,March,Mar-20,6,Friday
3/21/2020,2020,3,March,Mar-20,7,Saturday
3/22/2020,2020,3,March,Mar-20,1,Sunday
3/23/2020,2020,3,March,Mar-20,2,Monday
3/24/2020,2020,3,March,Mar-20,3,Tuesday
3/25/2020,2020,3,March,Mar-20,4,Wednesday
3/26/2020,2020,3,March,Mar-20,5,Thursday
3/27/2020,2020,3,March,Mar-20,6,Friday
3/28/2020,2020,3,March,Mar-20,7,Saturday
3/29/2020,2020,3,March,Mar-20,1,Sunday
3/30/2020,2020,3,March,Mar-20,2,Monday
3/31/2020,2020,3,March,Mar-20,3,Tuesday
4/1/2020,2020,4,April,Apr-20,4,Wednesday
4/2/2020,2020,4,April,Apr-20,5,Thursday
4/3/2020,2020,4,April,Apr-20,6,Friday
4/4/2020,2020,4,April,Apr-20,7,Saturday
4/5/2020,2020,4,April,Apr-20,1,Sunday
4/6/2020,2020,4,April,Apr-20,2,Monday
4/7/2020,2020,4,April,Apr-20,3,Tuesday
4/8/2020,2020,4,April,Apr-20,4,Wednesday
4/9/2020,2020,4,April,Apr-20,5,Thursday
4/10/2020,2020,4,April,Apr-20,6,Friday
4/11/2020,2020,4,April,Apr-20,7,Saturday
4/12/2020,2020,4,April,Apr-20,1,Sunday
4/13/2020,2020,4,April,Apr-20,2,Monday
4/14/2020,2020,4,April,Apr-20,3,Tuesday
4/15/2020,2020,4,April,Apr-20,4,Wednesday
4/16/2020,2020,4,April,Apr-20,5,Thursday
4/17/2020,2020,4,April,Apr-20,6,Friday
4/18/2020,2020,4,April,Apr-20,7,Saturday
4/19/2020,2020,4,April,Apr-20,1,Sunday
4/20/2020,2020,4,April,Apr-20,2,Monday
4/21/2020,2020,4,April,Apr-20,3,Tuesday
4/22/2020,2020,4,April,Apr-20,4,Wednesday
4/23/2020,2020,4,April,Apr-20,5,Thursday
4/24/2020,2020,4,April,Apr-20,6,Friday
4/25/2020,2020,4,April,Apr-20,7,Saturday
4/26/2020,2020,4,April,Apr-20,1,Sunday
4/27/2020,2020,4,April,Apr-20,2,Monday
4/28/2020,2020,4,April,Apr-20,3,Tuesday
4/29/2020,2020,4,April,Apr-20,4,Wednesday
4/30/2020,2020,4,April,Apr-20,5,Thursday
5/1/2020,2020,5,May,May-20,6,Friday
5/2/2020,2020,5,May,May-20,7,Saturday
5/3/2020,2020,5,May,May-20,1,Sunday
5/4/2020,2020,5,May,May-20,2,Monday
5/5/2020,2020,5,May,May-20,3,Tuesday
5/6/2020,2020,5,May,May-20,4,Wednesday
5/7/2020,2020,5,May,May-20,5,Thursday
5/8/2020,2020,5,May,May-20,6,Friday
5/9/2020,2020,5,May,May-20,7,Saturday
5/10/2020,2020,5,May,May-20,1,Sunday
5/11/2020,2020,5,May,May-20,2,Monday
5/12/2020,2020,5,May,May-20,3,Tuesday
5/13/2020,2020,5,May,May-20,4,Wednesday
5/14/2020,2020,5,May,May-20,5,Thursday
5/15/2020,2020,5,May,May-20,6,Friday
5/16/2020,2020,5,May,May-20,7,Saturday
5/17/2020,2020,5,May,May-20,1,Sunday
5/18/2020,2020,5,May,May-20,2,Monday
5/19/2020,2020,5,May,May-20,3,Tuesday
5/20/2020,2020,5,May,May-20,4,Wednesday
5/21/2020,2020,5,May,May-20,5,Thursday
5/22/2020,2020,5,May,May-20,6,Friday
5/23/2020,2020,5,May,May-20,7,Saturday
5/24/2020,2020,5,May,May-20,1,Sunday
5/25/2020,2020,5,May,May-20,2,Monday
5/26/2020,2020,5,May,May-20,3,Tuesday
5/27/2020,2020,5,May,May-20,4,Wednesday
5/28/2020,2020,5,May,May-20,5,Thursday
5/29/2020,2020,5,May,May-20,6,Friday
5/30/2020,2020,5,May,May-20,7,Saturday
5/31/2020,2020,5,May,May-20,1,Sunday
6/1/2020,2020,6,June,Jun-20,2,Monday
6/2/2020,2020,6,June,Jun-20,3,Tuesday
6/3/2020,2020,6,June,Jun-20,4,Wednesday
6/4/2020,2020,6,June,Jun-20,5,Thursday
6/5/2020,2020,6,June,Jun-20,6,Friday
6/6/2020,2020,6,June,Jun-20,7,Saturday
6/7/2020,2020,6,June,Jun-20,1,Sunday
6/8/2020,2020,6,June,Jun-20,2,Monday
6/9/2020,2020,6,June,Jun-20,3,Tuesday
6/10/2020,2020,6,June,Jun-20,4,Wednesday
6/11/2020,2020,6,June,Jun-20,5,Thursday
6/12/2020,2020,6,June,Jun-20,6,Friday
6/13/2020,2020,6,June,Jun-20,7,Saturday
6/14/2020,2020,6,June,Jun-20,1,Sunday
6/15/2020,2020,6,June,Jun-20,2,Monday
6/16/2020,2020,6,June,Jun-20,3,Tuesday
6/17/2020,2020,6,June,Jun-20,4,Wednesday
6/18/2020,2020,6,June,Jun-20,5,Thursday
6/19/2020,2020,6,June,Jun-20,6,Friday
6/20/2020,2020,6,June,Jun-20,7,Saturday
6/21/2020,2020,6,June,Jun-20,1,Sunday
6/22/2020,2020,6,June,Jun-20,2,Monday
6/23/2020,2020,6,June,Jun-20,3,Tuesday
6/24/2020,2020,6,June,Jun-20,4,Wednesday
6/25/2020,2020,6,June,Jun-20,5,Thursday
6/26/2020,2020,6,June,Jun-20,6,Friday
6/27/2020,2020,6,June,Jun-20,7,Saturday
6/28/2020,2020,6,June,Jun-20,1,Sunday
6/29/2020,2020,6,June,Jun-20,2,Monday
6/30/2020,2020,6,June,Jun-20,3,Tuesday
7/1/2020,2020,7,July,Jul-20,4,Wednesday
7/2/2020,2020,7,July,Jul-20,5,Thursday
7/3/2020,2020,7,July,Jul-20,6,Friday
7/4/2020,2020,7,July,Jul-20,7,Saturday
7/5/2020,2020,7,July,Jul-20,1,Sunday
7/6/2020,2020,7,July,Jul-20,2,Monday
7/7/2020,2020,7,July,Jul-20,3,Tuesday
7/8/2020,2020,7,July,Jul-20,4,Wednesday
7/9/2020,2020,7,July,Jul-20,5,Thursday
7/10/2020,2020,7,July,Jul-20,6,Friday
7/11/2020,2020,7,July,Jul-20,7,Saturday
7/12/2020,2020,7,July,Jul-20,1,Sunday
7/13/2020,2020,7,July,Jul-20,2,Monday
7/14/2020,2020,7,July,Jul-20,3,Tuesday
7/15/2020,2020,7,July,Jul-20,4,Wednesday
7/16/2020,2020,7,July,Jul-20,5,Thursday
7/17/2020,2020,7,July,Jul-20,6,Friday
7/18/2020,2020,7,July,Jul-20,7,Saturday
7/19/2020,2020,7,July,Jul-20,1,Sunday
7/20/2020,2020,7,July,Jul-20,2,Monday
7/21/2020,2020,7,July,Jul-20,3,Tuesday
7/22/2020,2020,7,July,Jul-20,4,Wednesday
7/23/2020,2020,7,July,Jul-20,5,Thursday
7/24/2020,2020,7,July,Jul-20,6,Friday
7/25/2020,2020,7,July,Jul-20,7,Saturday
7/26/2020,2020,7,July,Jul-20,1,Sunday
7/27/2020,2020,7,July,Jul-20,2,Monday
7/28/2020,2020,7,July,Jul-20,3,Tuesday
7/29/2020,2020,7,July,Jul-20,4,Wednesday
7/30/2020,2020,7,July,Jul-20,5,Thursday
7/31/2020,2020,7,July,Jul-20,6,Friday
8/1/2020,2020,8,August,Aug-20,7,Saturday
8/2/2020,2020,8,August,Aug-20,1,Sunday
8/3/2020,2020,8,August,Aug-20,2,Monday
8/4/2020,2020,8,August,Aug-20,3,Tuesday
8/5/2020,2020,8,August,Aug-20,4,Wednesday
8/6/2020,2020,8,August,Aug-20,5,Thursday
8/7/2020,2020,8,August,Aug-20,6,Friday
8/8/2020,2020,8,August,Aug-20,7,Saturday
8/9/2020,2020,8,August,Aug-20,1,Sunday
8/10/2020,2020,8,August,Aug-20,2,Monday
8/11/2020,2020,8,August,Aug-20,3,Tuesday
8/12/2020,2020,8,August,Aug-20,4,Wednesday
8/13/2020,2020,8,August,Aug-20,5,Thursday
8/14/2020,2020,8,August,Aug-20,6,Friday
8/15/2020,2020,8,August,Aug-20,7,Saturday
8/16/2020,2020,8,August,Aug-20,1,Sunday
8/17/2020,2020,8,August,Aug-20,2,Monday
8/18/2020,2020,8,August,Aug-20,3,Tuesday
8/19/2020,2020,8,August,Aug-20,4,Wednesday
8/20/2020,2020,8,August,Aug-20,5,Thursday
8/21/2020,2020,8,August,Aug-20,6,Friday
8/22/2020,2020,8,August,Aug-20,7,Saturday
8/23/2020,2020,8,August,Aug-20,1,Sunday
8/24/2020,2020,8,August,Aug-20,2,Monday
8/25/2020,2020,8,August,Aug-20,3,Tuesday
8/26/2020,2020,8,August,Aug-20,4,Wednesday
8/27/2020,2020,8,August,Aug-20,5,Thursday
8/28/2020,2020,8,August,Aug-20,6,Friday
8/29/2020,2020,8,August,Aug-20,7,Saturday
8/30/2020,2020,8,August,Aug-20,1,Sunday
8/31/2020,2020,8,August,Aug-20,2,Monday
9/1/2020,2020,9,September,Sep-20,3,Tuesday
9/2/2020,2020,9,September,Sep-20,4,Wednesday
9/3/2020,2020,9,September,Sep-20,5,Thursday
9/4/2020,2020,9,September,Sep-20,6,Friday
9/5/2020,2020,9,September,Sep-20,7,Saturday
9/6/2020,2020,9,September,Sep-20,1,Sunday
9/7/2020,2020,9,September,Sep-20,2,Monday
9/8/2020,2020,9,September,Sep-20,3,Tuesday
9/9/2020,2020,9,September,Sep-20,4,Wednesday
9/10/2020,2020,9,September,Sep-20,5,Thursday
9/11/2020,2020,9,September,Sep-20,6,Friday
9/12/2020,2020,9,September,Sep-20,7,Saturday
9/13/2020,2020,9,September,Sep-20,1,Sunday
9/14/2020,2020,9,September,Sep-20,2,Monday
9/15/2020,2020,9,September,Sep-20,3,Tuesday
9/16/2020,2020,9,September,Sep-20,4,Wednesday
9/17/2020,2020,9,September,Sep-20,5,Thursday
9/18/2020,2020,9,September,Sep-20,6,Friday
9/19/2020,2020,9,September,Sep-20,7,Saturday
9/20/2020,2020,9,September,Sep-20,1,Sunday
9/21/2020,2020,9,September,Sep-20,2,Monday
9/22/2020,2020,9,September,Sep-20,3,Tuesday
9/23/2020,2020,9,September,Sep-20,4,Wednesday
9/24/2020,2020,9,September,Sep-20,5,Thursday
9/25/2020,2020,9,September,Sep-20,6,Friday
9/26/2020,2020,9,September,Sep-20,7,Saturday
9/27/2020,2020,9,September,Sep-20,1,Sunday
9/28/2020,2020,9,September,Sep-20,2,Monday
9/29/2020,2020,9,September,Sep-20,3,Tuesday
9/30/2020,2020,9,September,Sep-20,4,Wednesday
10/1/2020,2020,10,October,Oct-20,5,Thursday
10/2/2020,2020,10,October,Oct-20,6,Friday
10/3/2020,2020,10,October,Oct-20,7,Saturday
10/4/2020,2020,10,October,Oct-20,1,Sunday
10/5/2020,2020,10,October,Oct-20,2,Monday
10/6/2020,2020,10,October,Oct-20,3,Tuesday
10/7/2020,2020,10,October,Oct-20,4,Wednesday
10/8/2020,2020,10,October,Oct-20,5,Thursday
10/9/2020,2020,10,October,Oct-20,6,Friday
10/10/2020,2020,10,October,Oct-20,7,Saturday
10/11/2020,2020,10,October,Oct-20,1,Sunday
10/12/2020,2020,10,October,Oct-20,2,Monday
10/13/2020,2020,10,October,Oct-20,3,Tuesday
10/14/2020,2020,10,October,Oct-20,4,Wednesday
10/15/2020,2020,10,October,Oct-20,5,Thursday
10/16/2020,2020,10,October,Oct-20,6,Friday
10/17/2020,2020,10,October,Oct-20,7,Saturday
10/18/2020,2020,10,October,Oct-20,1,Sunday
10/19/2020,2020,10,October,Oct-20,2,Monday
10/20/2020,2020,10,October,Oct-20,3,Tuesday
10/21/2020,2020,10,October,Oct-20,4,Wednesday
10/22/2020,2020,10,October,Oct-20,5,Thursday
10/23/2020,2020,10,October,Oct-20,6,Friday
10/24/2020,2020,10,October,Oct-20,7,Saturday
10/25/2020,2020,10,October,Oct-20,1,Sunday
10/26/2020,2020,10,October,Oct-20,2,Monday
10/27/2020,2020,10,October,Oct-20,3,Tuesday
10/28/2020,2020,10,October,Oct-20,4,Wednesday
10/29/2020,2020,10,October,Oct-20,5,Thursday
10/30/2020,2020,10,October,Oct-20,6,Friday
10/31/2020,2020,10,October,Oct-20,7,Saturday
11/1/2020,2020,11,November,Nov-20,1,Sunday
11/2/2020,2020,11,November,Nov-20,2,Monday
11/3/2020,2020,11,November,Nov-20,3,Tuesday
11/4/2020,2020,11,November,Nov-20,4,Wednesday
11/5/2020,2020,11,November,Nov-20,5,Thursday
11/6/2020,2020,11,November,Nov-20,6,Friday
11/7/2020,2020,11,November,Nov-20,7,Saturday
11/8/2020,2020,11,November,Nov-20,1,Sunday
11/9/2020,2020,11,November,Nov-20,2,Monday
11/10/2020,2020,11,November,Nov-20,3,Tuesday
11/11/2020,2020,11,November,Nov-20,4,Wednesday
11/12/2020,2020,11,November,Nov-20,5,Thursday
11/13/2020,2020,11,November,Nov-20,6,Friday
11/14/2020,2020,11,November,Nov-20,7,Saturday
11/15/2020,2020,11,November,Nov-20,1,Sunday
11/16/2020,2020,11,November,Nov-20,2,Monday
11/17/2020,2020,11,November,Nov-20,3,Tuesday
11/18/2020,2020,11,November,Nov-20,4,Wednesday
11/19/2020,2020,11,November,Nov-20,5,Thursday
11/20/2020,2020,11,November,Nov-20,6,Friday
11/21/2020,2020,11,November,Nov-20,7,Saturday
11/22/2020,2020,11,November,Nov-20,1,Sunday
11/23/2020,2020,11,November,Nov-20,2,Monday
11/24/2020,2020,11,November,Nov-20,3,Tuesday
11/25/2020,2020,11,November,Nov-20,4,Wednesday
11/26/2020,2020,11,November,Nov-20,5,Thursday
11/27/2020,2020,11,November,Nov-20,6,Friday
11/28/2020,2020,11,November,Nov-20,7,Saturday
11/29/2020,2020,11,November,Nov-20,1,Sunday
11/30/2020,2020,11,November,Nov-20,2,Monday
12/1/2020,2020,12,December,Dec-20,3,Tuesday
12/2/2020,2020,12,December,Dec-20,4,Wednesday
12/3/2020,2020,12,December,Dec-20,5,Thursday
12/4/2020,2020,12,December,Dec-20,6,Friday
12/5/2020,2020,12,December,Dec-20,7,Saturday
12/6/2020,2020,12,December,Dec-20,1,Sunday
12/7/2020,2020,12,December,Dec-20,2,Monday
12/8/2020,2020,12,December,Dec-20,3,Tuesday
12/9/2020,2020,12,December,Dec-20,4,Wednesday
12/10/2020,2020,12,December,Dec-20,5,Thursday
12/11/2020,2020,12,December,Dec-20,6,Friday
12/12/2020,2020,12,December,Dec-20,7,Saturday
12/13/2020,2020,12,December,Dec-20,1,Sunday
12/14/2020,2020,12,December,Dec-20,2,Monday
12/15/2020,2020,12,December,Dec-20,3,Tuesday
12/16/2020,2020,12,December,Dec-20,4,Wednesday
12/17/2020,2020,12,December,Dec-20,5,Thursday
12/18/2020,2020,12,December,Dec-20,6,Friday
12/19/2020,2020,12,December,Dec-20,7,Saturday
12/20/2020,2020,12,December,Dec-20,1,Sunday
12/21/2020,2020,12,December,Dec-20,2,Monday
12/22/2020,2020,12,December,Dec-20,3,Tuesday
12/23/2020,2020,12,December,Dec-20,4,Wednesday
12/24/2020,2020,12,December,Dec-20,5,Thursday
12/25/2020,2020,12,December,Dec-20,6,Friday
12/26/2020,2020,12,December,Dec-20,7,Saturday
12/27/2020,2020,12,December,Dec-20,1,Sunday
12/28/2020,2020,12,December,Dec-20,2,Monday
12/29/2020,2020,12,December,Dec-20,3,Tuesday
12/30/2020,2020,12,December,Dec-20,4,Wednesday
12/31/2020,2020,12,December,Dec-20,5,Thursday
1/1/2021,2021,1,January,Jan-21,6,Friday
1/2/2021,2021,1,January,Jan-21,7,Saturday
1/3/2021,2021,1,January,Jan-21,1,Sunday
1/4/2021,2021,1,January,Jan-21,2,Monday
1/5/2021,2021,1,January,Jan-21,3,Tuesday
1/6/2021,2021,1,January,Jan-21,4,Wednesday
1/7/2021,2021,1,January,Jan-21,5,Thursday
1/8/2021,2021,1,January,Jan-21,6,Friday
1/9/2021,2021,1,January,Jan-21,7,Saturday
1/10/2021,2021,1,January,Jan-21,1,Sunday
1/11/2021,2021,1,January,Jan-21,2,Monday
1/12/2021,2021,1,January,Jan-21,3,Tuesday
1/13/2021,2021,1,January,Jan-21,4,Wednesday
1/14/2021,2021,1,January,Jan-21,5,Thursday
1/15/2021,2021,1,January,Jan-21,6,Friday
1/16/2021,2021,1,January,Jan-21,7,Saturday
1/17/2021,2021,1,January,Jan-21,1,Sunday
1/18/2021,2021,1,January,Jan-21,2,Monday
1/19/2021,2021,1,January,Jan-21,3,Tuesday
1/20/2021,2021,1,January,Jan-21,4,Wednesday
1/21/2021,2021,1,January,Jan-21,5,Thursday
1/22/2021,2021,1,January,Jan-21,6,Friday
1/23/2021,2021,1,January,Jan-21,7,Saturday
1/24/2021,2021,1,January,Jan-21,1,Sunday
1/25/2021,2021,1,January,Jan-21,2,Monday
1/26/2021,2021,1,January,Jan-21,3,Tuesday
1/27/2021,2021,1,January,Jan-21,4,Wednesday
1/28/2021,2021,1,January,Jan-21,5,Thursday
1/29/2021,2021,1,January,Jan-21,6,Friday
1/30/2021,2021,1,January,Jan-21,7,Saturday
1/31/2021,2021,1,January,Jan-21,1,Sunday
2/1/2021,2021,2,February,Feb-21,2,Monday
2/2/2021,2021,2,February,Feb-21,3,Tuesday
2/3/2021,2021,2,February,Feb-21,4,Wednesday
2/4/2021,2021,2,February,Feb-21,5,Thursday
2/5/2021,2021,2,February,Feb-21,6,Friday
2/6/2021,2021,2,February,Feb-21,7,Saturday
2/7/2021,2021,2,February,Feb-21,1,Sunday
2/8/2021,2021,2,February,Feb-21,2,Monday
2/9/2021,2021,2,February,Feb-21,3,Tuesday
2/10/2021,2021,2,February,Feb-21,4,Wednesday
2/11/2021,2021,2,February,Feb-21,5,Thursday
2/12/2021,2021,2,February,Feb-21,6,Friday
2/13/2021,2021,2,February,Feb-21,7,Saturday
2/14/2021,2021,2,February,Feb-21,1,Sunday
2/15/2021,2021,2,February,Feb-21,2,Monday
2/16/2021,2021,2,February,Feb-21,3,Tuesday
2/17/2021,2021,2,February,Feb-21,4,Wednesday
2/18/2021,2021,2,February,Feb-21,5,Thursday
2/19/2021,2021,2,February,Feb-21,6,Friday
2/20/2021,2021,2,February,Feb-21,7,Saturday
2/21/2021,2021,2,February,Feb-21,1,Sunday
2/22/2021,2021,2,February,Feb-21,2,Monday
2/23/2021,2021,2,February,Feb-21,3,Tuesday
2/24/2021,2021,2,February,Feb-21,4,Wednesday
2/25/2021,2021,2,February,Feb-21,5,Thursday
2/26/2021,2021,2,February,Feb-21,6,Friday
2/27/2021,2021,2,February,Feb-21,7,Saturday
2/28/2021,2021,2,February,Feb-21,1,Sunday
3/1/2021,2021,3,March,Mar-21,2,Monday
3/2/2021,2021,3,March,Mar-21,3,Tuesday
3/3/2021,2021,3,March,Mar-21,4,Wednesday
3/4/2021,2021,3,March,Mar-21,5,Thursday
3/5/2021,2021,3,March,Mar-21,6,Friday
3/6/2021,2021,3,March,Mar-21,7,Saturday
3/7/2021,2021,3,March,Mar-21,1,Sunday
3/8/2021,2021,3,March,Mar-21,2,Monday
3/9/2021,2021,3,March,Mar-21,3,Tuesday
3/10/2021,2021,3,March,Mar-21,4,Wednesday
3/11/2021,2021,3,March,Mar-21,5,Thursday
3/12/2021,2021,3,March,Mar-21,6,Friday
3/13/2021,2021,3,March,Mar-21,7,Saturday
3/14/2021,2021,3,March,Mar-21,1,Sunday
3/15/2021,2021,3,March,Mar-21,2,Monday
3/16/2021,2021,3,March,Mar-21,3,Tuesday
3/17/2021,2021,3,March,Mar-21,4,Wednesday
3/18/2021,2021,3,March,Mar-21,5,Thursday
3/19/2021,2021,3,March,Mar-21,6,Friday
3/20/2021,2021,3,March,Mar-21,7,Saturday
3/21/2021,2021,3,March,Mar-21,1,Sunday
3/22/2021,2021,3,March,Mar-21,2,Monday
3/23/2021,2021,3,March,Mar-21,3,Tuesday
3/24/2021,2021,3,March,Mar-21,4,Wednesday
3/25/2021,2021,3,March,Mar-21,5,Thursday
3/26/2021,2021,3,March,Mar-21,6,Friday
3/27/2021,2021,3,March,Mar-21,7,Saturday
3/28/2021,2021,3,March,Mar-21,1,Sunday
3/29/2021,2021,3,March,Mar-21,2,Monday
3/30/2021,2021,3,March,Mar-21,3,Tuesday
3/31/2021,2021,3,March,Mar-21,4,Wednesday
4/1/2021,2021,4,April,Apr-21,5,Thursday
4/2/2021,2021,4,April,Apr-21,6,Friday
4/3/2021,2021,4,April,Apr-21,7,Saturday
4/4/2021,2021,4,April,Apr-21,1,Sunday
4/5/2021,2021,4,April,Apr-21,2,Monday
4/6/2021,2021,4,April,Apr-21,3,Tuesday
4/7/2021,2021,4,April,Apr-21,4,Wednesday
4/8/2021,2021,4,April,Apr-21,5,Thursday
4/9/2021,2021,4,April,Apr-21,6,Friday
4/10/2021,2021,4,April,Apr-21,7,Saturday
4/11/2021,2021,4,April,Apr-21,1,Sunday
4/12/2021,2021,4,April,Apr-21,2,Monday
4/13/2021,2021,4,April,Apr-21,3,Tuesday
4/14/2021,2021,4,April,Apr-21,4,Wednesday
4/15/2021,2021,4,April,Apr-21,5,Thursday
4/16/2021,2021,4,April,Apr-21,6,Friday
4/17/2021,2021,4,April,Apr-21,7,Saturday
4/18/2021,2021,4,April,Apr-21,1,Sunday
4/19/2021,2021,4,April,Apr-21,2,Monday
4/20/2021,2021,4,April,Apr-21,3,Tuesday
4/21/2021,2021,4,April,Apr-21,4,Wednesday
4/22/2021,2021,4,April,Apr-21,5,Thursday
4/23/2021,2021,4,April,Apr-21,6,Friday
4/24/2021,2021,4,April,Apr-21,7,Saturday
4/25/2021,2021,4,April,Apr-21,1,Sunday
4/26/2021,2021,4,April,Apr-21,2,Monday
4/27/2021,2021,4,April,Apr-21,3,Tuesday
4/28/2021,2021,4,April,Apr-21,4,Wednesday
4/29/2021,2021,4,April,Apr-21,5,Thursday
4/30/2021,2021,4,April,Apr-21,6,Friday
5/1/2021,2021,5,May,May-21,7,Saturday
5/2/2021,2021,5,May,May-21,1,Sunday
5/3/2021,2021,5,May,May-21,2,Monday
5/4/2021,2021,5,May,May-21,3,Tuesday
5/5/2021,2021,5,May,May-21,4,Wednesday
5/6/2021,2021,5,May,May-21,5,Thursday
5/7/2021,2021,5,May,May-21,6,Friday
5/8/2021,2021,5,May,May-21,7,Saturday
5/9/2021,2021,5,May,May-21,1,Sunday
5/10/2021,2021,5,May,May-21,2,Monday
5/11/2021,2021,5,May,May-21,3,Tuesday
5/12/2021,2021,5,May,May-21,4,Wednesday
5/13/2021,2021,5,May,May-21,5,Thursday
5/14/2021,2021,5,May,May-21,6,Friday
5/15/2021,2021,5,May,May-21,7,Saturday
5/16/2021,2021,5,May,May-21,1,Sunday
5/17/2021,2021,5,May,May-21,2,Monday
5/18/2021,2021,5,May,May-21,3,Tuesday
5/19/2021,2021,5,May,May-21,4,Wednesday
5/20/2021,2021,5,May,May-21,5,Thursday
5/21/2021,2021,5,May,May-21,6,Friday
5/22/2021,2021,5,May,May-21,7,Saturday
5/23/2021,2021,5,May,May-21,1,Sunday
5/24/2021,2021,5,May,May-21,2,Monday
5/25/2021,2021,5,May,May-21,3,Tuesday
5/26/2021,2021,5,May,May-21,4,Wednesday
5/27/2021,2021,5,May,May-21,5,Thursday
5/28/2021,2021,5,May,May-21,6,Friday
5/29/2021,2021,5,May,May-21,7,Saturday
5/30/2021,2021,5,May,May-21,1,Sunday
5/31/2021,2021,5,May,May-21,2,Monday
6/1/2021,2021,6,June,Jun-21,3,Tuesday
6/2/2021,2021,6,June,Jun-21,4,Wednesday
6/3/2021,2021,6,June,Jun-21,5,Thursday
6/4/2021,2021,6,June,Jun-21,6,Friday
6/5/2021,2021,6,June,Jun-21,7,Saturday
6/6/2021,2021,6,June,Jun-21,1,Sunday
6/7/2021,2021,6,June,Jun-21,2,Monday
6/8/2021,2021,6,June,Jun-21,3,Tuesday
6/9/2021,2021,6,June,Jun-21,4,Wednesday
6/10/2021,2021,6,June,Jun-21,5,Thursday
6/11/2021,2021,6,June,Jun-21,6,Friday
6/12/2021,2021,6,June,Jun-21,7,Saturday
6/13/2021,2021,6,June,Jun-21,1,Sunday
6/14/2021,2021,6,June,Jun-21,2,Monday
6/15/2021,2021,6,June,Jun-21,3,Tuesday
6/16/2021,2021,6,June,Jun-21,4,Wednesday
6/17/2021,2021,6,June,Jun-21,5,Thursday
6/18/2021,2021,6,June,Jun-21,6,Friday
6/19/2021,2021,6,June,Jun-21,7,Saturday
6/20/2021,2021,6,June,Jun-21,1,Sunday
6/21/2021,2021,6,June,Jun-21,2,Monday
6/22/2021,2021,6,June,Jun-21,3,Tuesday
6/23/2021,2021,6,June,Jun-21,4,Wednesday
6/24/2021,2021,6,June,Jun-21,5,Thursday
6/25/2021,2021,6,June,Jun-21,6,Friday
6/26/2021,2021,6,June,Jun-21,7,Saturday
6/27/2021,2021,6,June,Jun-21,1,Sunday
6/28/2021,2021,6,June,Jun-21,2,Monday
6/29/2021,2021,6,June,Jun-21,3,Tuesday
6/30/2021,2021,6,June,Jun-21,4,Wednesday
7/1/2021,2021,7,July,Jul-21,5,Thursday
7/2/2021,2021,7,July,Jul-21,6,Friday
7/3/2021,2021,7,July,Jul-21,7,Saturday
7/4/2021,2021,7,July,Jul-21,1,Sunday
7/5/2021,2021,7,July,Jul-21,2,Monday
7/6/2021,2021,7,July,Jul-21,3,Tuesday
7/7/2021,2021,7,July,Jul-21,4,Wednesday
7/8/2021,2021,7,July,Jul-21,5,Thursday
7/9/2021,2021,7,July,Jul-21,6,Friday
7/10/2021,2021,7,July,Jul-21,7,Saturday
7/11/2021,2021,7,July,Jul-21,1,Sunday
7/12/2021,2021,7,July,Jul-21,2,Monday
7/13/2021,2021,7,July,Jul-21,3,Tuesday
7/14/2021,2021,7,July,Jul-21,4,Wednesday
7/15/2021,2021,7,July,Jul-21,5,Thursday
7/16/2021,2021,7,July,Jul-21,6,Friday
7/17/2021,2021,7,July,Jul-21,7,Saturday
7/18/2021,2021,7,July,Jul-21,1,Sunday
7/19/2021,2021,7,July,Jul-21,2,Monday
7/20/2021,2021,7,July,Jul-21,3,Tuesday
7/21/2021,2021,7,July,Jul-21,4,Wednesday
7/22/2021,2021,7,July,Jul-21,5,Thursday
7/23/2021,2021,7,July,Jul-21,6,Friday
7/24/2021,2021,7,July,Jul-21,7,Saturday
7/25/2021,2021,7,July,Jul-21,1,Sunday
7/26/2021,2021,7,July,Jul-21,2,Monday
7/27/2021,2021,7,July,Jul-21,3,Tuesday
7/28/2021,2021,7,July,Jul-21,4,Wednesday
7/29/2021,2021,7,July,Jul-21,5,Thursday
7/30/2021,2021,7,July,Jul-21,6,Friday
7/31/2021,2021,7,July,Jul-21,7,Saturday
8/1/2021,2021,8,August,Aug-21,1,Sunday
8/2/2021,2021,8,August,Aug-21,2,Monday
8/3/2021,2021,8,August,Aug-21,3,Tuesday
8/4/2021,2021,8,August,Aug-21,4,Wednesday
8/5/2021,2021,8,August,Aug-21,5,Thursday
8/6/2021,2021,8,August,Aug-21,6,Friday
8/7/2021,2021,8,August,Aug-21,7,Saturday
8/8/2021,2021,8,August,Aug-21,1,Sunday
8/9/2021,2021,8,August,Aug-21,2,Monday
8/10/2021,2021,8,August,Aug-21,3,Tuesday
8/11/2021,2021,8,August,Aug-21,4,Wednesday
8/12/2021,2021,8,August,Aug-21,5,Thursday
8/13/2021,2021,8,August,Aug-21,6,Friday
8/14/2021,2021,8,August,Aug-21,7,Saturday
8/15/2021,2021,8,August,Aug-21,1,Sunday
8/16/2021,2021,8,August,Aug-21,2,Monday
8/17/2021,2021,8,August,Aug-21,3,Tuesday
8/18/2021,2021,8,August,Aug-21,4,Wednesday
8/19/2021,2021,8,August,Aug-21,5,Thursday
8/20/2021,2021,8,August,Aug-21,6,Friday
8/21/2021,2021,8,August,Aug-21,7,Saturday
8/22/2021,2021,8,August,Aug-21,1,Sunday
8/23/2021,2021,8,August,Aug-21,2,Monday
8/24/2021,2021,8,August,Aug-21,3,Tuesday
8/25/2021,2021,8,August,Aug-21,4,Wednesday
8/26/2021,2021,8,August,Aug-21,5,Thursday
8/27/2021,2021,8,August,Aug-21,6,Friday
8/28/2021,2021,8,August,Aug-21,7,Saturday
8/29/2021,2021,8,August,Aug-21,1,Sunday
8/30/2021,2021,8,August,Aug-21,2,Monday
8/31/2021,2021,8,August,Aug-21,3,Tuesday
9/1/2021,2021,9,September,Sep-21,4,Wednesday
9/2/2021,2021,9,September,Sep-21,5,Thursday
9/3/2021,2021,9,September,Sep-21,6,Friday
9/4/2021,2021,9,September,Sep-21,7,Saturday
9/5/2021,2021,9,September,Sep-21,1,Sunday
9/6/2021,2021,9,September,Sep-21,2,Monday
9/7/2021,2021,9,September,Sep-21,3,Tuesday
9/8/2021,2021,9,September,Sep-21,4,Wednesday
9/9/2021,2021,9,September,Sep-21,5,Thursday
9/10/2021,2021,9,September,Sep-21,6,Friday
9/11/2021,2021,9,September,Sep-21,7,Saturday
9/12/2021,2021,9,September,Sep-21,1,Sunday
9/13/2021,2021,9,September,Sep-21,2,Monday
9/14/2021,2021,9,September,Sep-21,3,Tuesday
9/15/2021,2021,9,September,Sep-21,4,Wednesday
9/16/2021,2021,9,September,Sep-21,5,Thursday
9/17/2021,2021,9,September,Sep-21,6,Friday
9/18/2021,2021,9,September,Sep-21,7,Saturday
9/19/2021,2021,9,September,Sep-21,1,Sunday
9/20/2021,2021,9,September,Sep-21,2,Monday
9/21/2021,2021,9,September,Sep-21,3,Tuesday
9/22/2021,2021,9,September,Sep-21,4,Wednesday
9/23/2021,2021,9,September,Sep-21,5,Thursday
9/24/2021,2021,9,September,Sep-21,6,Friday
9/25/2021,2021,9,September,Sep-21,7,Saturday
9/26/2021,2021,9,September,Sep-21,1,Sunday
9/27/2021,2021,9,September,Sep-21,2,Monday
9/28/2021,2021,9,September,Sep-21,3,Tuesday
9/29/2021,2021,9,September,Sep-21,4,Wednesday
9/30/2021,2021,9,September,Sep-21,5,Thursday
10/1/2021,2021,10,October,Oct-21,6,Friday
10/2/2021,2021,10,October,Oct-21,7,Saturday
10/3/2021,2021,10,October,Oct-21,1,Sunday
10/4/2021,2021,10,October,Oct-21,2,Monday
10/5/2021,2021,10,October,Oct-21,3,Tuesday
10/6/2021,2021,10,October,Oct-21,4,Wednesday
10/7/2021,2021,10,October,Oct-21,5,Thursday
10/8/2021,2021,10,October,Oct-21,6,Friday
10/9/2021,2021,10,October,Oct-21,7,Saturday
10/10/2021,2021,10,October,Oct-21,1,Sunday
10/11/2021,2021,10,October,Oct-21,2,Monday
10/12/2021,2021,10,October,Oct-21,3,Tuesday
10/13/2021,2021,10,October,Oct-21,4,Wednesday
10/14/2021,2021,10,October,Oct-21,5,Thursday
10/15/2021,2021,10,October,Oct-21,6,Friday
10/16/2021,2021,10,October,Oct-21,7,Saturday
10/17/2021,2021,10,October,Oct-21,1,Sunday
10/18/2021,2021,10,October,Oct-21,2,Monday
10/19/2021,2021,10,October,Oct-21,3,Tuesday
10/20/2021,2021,10,October,Oct-21,4,Wednesday
10/21/2021,2021,10,October,Oct-21,5,Thursday
10/22/2021,2021,10,October,Oct-21,6,Friday
10/23/2021,2021,10,October,Oct-21,7,Saturday
10/24/2021,2021,10,October,Oct-21,1,Sunday
10/25/2021,2021,10,October,Oct-21,2,Monday
10/26/2021,2021,10,October,Oct-21,3,Tuesday
10/27/2021,2021,10,October,Oct-21,4,Wednesday
10/28/2021,2021,10,October,Oct-21,5,Thursday
10/29/2021,2021,10,October,Oct-21,6,Friday
10/30/2021,2021,10,October,Oct-21,7,Saturday
10/31/2021,2021,10,October,Oct-21,1,Sunday
11/1/2021,2021,11,November,Nov-21,2,Monday
11/2/2021,2021,11,November,Nov-21,3,Tuesday
11/3/2021,2021,11,November,Nov-21,4,Wednesday
11/4/2021,2021,11,November,Nov-21,5,Thursday
11/5/2021,2021,11,November,Nov-21,6,Friday
11/6/2021,2021,11,November,Nov-21,7,Saturday
11/7/2021,2021,11,November,Nov-21,1,Sunday
11/8/2021,2021,11,November,Nov-21,2,Monday
11/9/2021,2021,11,November,Nov-21,3,Tuesday
11/10/2021,2021,11,November,Nov-21,4,Wednesday
11/11/2021,2021,11,November,Nov-21,5,Thursday
11/12/2021,2021,11,November,Nov-21,6,Friday
11/13/2021,2021,11,November,Nov-21,7,Saturday
11/14/2021,2021,11,November,Nov-21,1,Sunday
11/15/2021,2021,11,November,Nov-21,2,Monday
11/16/2021,2021,11,November,Nov-21,3,Tuesday
11/17/2021,2021,11,November,Nov-21,4,Wednesday
11/18/2021,2021,11,November,Nov-21,5,Thursday
11/19/2021,2021,11,November,Nov-21,6,Friday
11/20/2021,2021,11,November,Nov-21,7,Saturday
11/21/2021,2021,11,November,Nov-21,1,Sunday
11/22/2021,2021,11,November,Nov-21,2,Monday
11/23/2021,2021,11,November,Nov-21,3,Tuesday
11/24/2021,2021,11,November,Nov-21,4,Wednesday
11/25/2021,2021,11,November,Nov-21,5,Thursday
11/26/2021,2021,11,November,Nov-21,6,Friday
11/27/2021,2021,11,November,Nov-21,7,Saturday
11/28/2021,2021,11,November,Nov-21,1,Sunday
11/29/2021,2021,11,November,Nov-21,2,Monday
11/30/2021,2021,11,November,Nov-21,3,Tuesday
12/1/2021,2021,12,December,Dec-21,4,Wednesday
12/2/2021,2021,12,December,Dec-21,5,Thursday
12/3/2021,2021,12,December,Dec-21,6,Friday
12/4/2021,2021,12,December,Dec-21,7,Saturday
12/5/2021,2021,12,December,Dec-21,1,Sunday
12/6/2021,2021,12,December,Dec-21,2,Monday
12/7/2021,2021,12,December,Dec-21,3,Tuesday
12/8/2021,2021,12,December,Dec-21,4,Wednesday
12/9/2021,2021,12,December,Dec-21,5,Thursday
12/10/2021,2021,12,December,Dec-21,6,Friday
12/11/2021,2021,12,December,Dec-21,7,Saturday
12/12/2021,2021,12,December,Dec-21,1,Sunday
12/13/2021,2021,12,December,Dec-21,2,Monday
12/14/2021,2021,12,December,Dec-21,3,Tuesday
12/15/2021,2021,12,December,Dec-21,4,Wednesday
12/16/2021,2021,12,December,Dec-21,5,Thursday
12/17/2021,2021,12,December,Dec-21,6,Friday
12/18/2021,2021,12,December,Dec-21,7,Saturday
12/19/2021,2021,12,December,Dec-21,1,Sunday
12/20/2021,2021,12,December,Dec-21,2,Monday
12/21/2021,2021,12,December,Dec-21,3,Tuesday
12/22/2021,2021,12,December,Dec-21,4,Wednesday
12/23/2021,2021,12,December,Dec-21,5,Thursday
12/24/2021,2021,12,December,Dec-21,6,Friday
12/25/2021,2021,12,December,Dec-21,7,Saturday
12/26/2021,2021,12,December,Dec-21,1,Sunday
12/27/2021,2021,12,December,Dec-21,2,Monday
12/28/2021,2021,12,December,Dec-21,3,Tuesday
12/29/2021,2021,12,December,Dec-21,4,Wednesday
12/30/2021,2021,12,December,Dec-21,5,Thursday
12/31/2021,2021,12,December,Dec-21,6,Friday
1/1/2022,2022,1,January,Jan-22,7,Saturday
1/2/2022,2022,1,January,Jan-22,1,Sunday
1/3/2022,2022,1,January,Jan-22,2,Monday
1/4/2022,2022,1,January,Jan-22,3,Tuesday
1/5/2022,2022,1,January,Jan-22,4,Wednesday
1/6/2022,2022,1,January,Jan-22,5,Thursday
1/7/2022,2022,1,January,Jan-22,6,Friday
1/8/2022,2022,1,January,Jan-22,7,Saturday
1/9/2022,2022,1,January,Jan-22,1,Sunday
1/10/2022,2022,1,January,Jan-22,2,Monday
1/11/2022,2022,1,January,Jan-22,3,Tuesday
1/12/2022,2022,1,January,Jan-22,4,Wednesday
1/13/2022,2022,1,January,Jan-22,5,Thursday
1/14/2022,2022,1,January,Jan-22,6,Friday
1/15/2022,2022,1,January,Jan-22,7,Saturday
1/16/2022,2022,1,January,Jan-22,1,Sunday
1/17/2022,2022,1,January,Jan-22,2,Monday
1/18/2022,2022,1,January,Jan-22,3,Tuesday
1/19/2022,2022,1,January,Jan-22,4,Wednesday
1/20/2022,2022,1,January,Jan-22,5,Thursday
1/21/2022,2022,1,January,Jan-22,6,Friday
1/22/2022,2022,1,January,Jan-22,7,Saturday
1/23/2022,2022,1,January,Jan-22,1,Sunday
1/24/2022,2022,1,January,Jan-22,2,Monday
1/25/2022,2022,1,January,Jan-22,3,Tuesday
1/26/2022,2022,1,January,Jan-22,4,Wednesday
1/27/2022,2022,1,January,Jan-22,5,Thursday
1/28/2022,2022,1,January,Jan-22,6,Friday
1/29/2022,2022,1,January,Jan-22,7,Saturday
1/30/2022,2022,1,January,Jan-22,1,Sunday
1/31/2022,2022,1,January,Jan-22,2,Monday
2/1/2022,2022,2,February,Feb-22,3,Tuesday
2/2/2022,2022,2,February,Feb-22,4,Wednesday
2/3/2022,2022,2,February,Feb-22,5,Thursday
2/4/2022,2022,2,February,Feb-22,6,Friday
2/5/2022,2022,2,February,Feb-22,7,Saturday
2/6/2022,2022,2,February,Feb-22,1,Sunday
2/7/2022,2022,2,February,Feb-22,2,Monday
2/8/2022,2022,2,February,Feb-22,3,Tuesday
2/9/2022,2022,2,February,Feb-22,4,Wednesday
2/10/2022,2022,2,February,Feb-22,5,Thursday
2/11/2022,2022,2,February,Feb-22,6,Friday
2/12/2022,2022,2,February,Feb-22,7,Saturday
2/13/2022,2022,2,February,Feb-22,1,Sunday
2/14/2022,2022,2,February,Feb-22,2,Monday
2/15/2022,2022,2,February,Feb-22,3,Tuesday
2/16/2022,2022,2,February,Feb-22,4,Wednesday
2/17/2022,2022,2,February,Feb-22,5,Thursday
2/18/2022,2022,2,February,Feb-22,6,Friday
2/19/2022,2022,2,February,Feb-22,7,Saturday
2/20/2022,2022,2,February,Feb-22,1,Sunday
2/21/2022,2022,2,February,Feb-22,2,Monday
2/22/2022,2022,2,February,Feb-22,3,Tuesday
2/23/2022,2022,2,February,Feb-22,4,Wednesday
2/24/2022,2022,2,February,Feb-22,5,Thursday
2/25/2022,2022,2,February,Feb-22,6,Friday
2/26/2022,2022,2,February,Feb-22,7,Saturday
2/27/2022,2022,2,February,Feb-22,1,Sunday
2/28/2022,2022,2,February,Feb-22,2,Monday
3/1/2022,2022,3,March,Mar-22,3,Tuesday
3/2/2022,2022,3,March,Mar-22,4,Wednesday
3/3/2022,2022,3,March,Mar-22,5,Thursday
3/4/2022,2022,3,March,Mar-22,6,Friday
3/5/2022,2022,3,March,Mar-22,7,Saturday
3/6/2022,2022,3,March,Mar-22,1,Sunday
3/7/2022,2022,3,March,Mar-22,2,Monday
3/8/2022,2022,3,March,Mar-22,3,Tuesday
3/9/2022,2022,3,March,Mar-22,4,Wednesday
3/10/2022,2022,3,March,Mar-22,5,Thursday
3/11/2022,2022,3,March,Mar-22,6,Friday
3/12/2022,2022,3,March,Mar-22,7,Saturday
3/13/2022,2022,3,March,Mar-22,1,Sunday
3/14/2022,2022,3,March,Mar-22,2,Monday
3/15/2022,2022,3,March,Mar-22,3,Tuesday
3/16/2022,2022,3,March,Mar-22,4,Wednesday
3/17/2022,2022,3,March,Mar-22,5,Thursday
3/18/2022,2022,3,March,Mar-22,6,Friday
3/19/2022,2022,3,March,Mar-22,7,Saturday
3/20/2022,2022,3,March,Mar-22,1,Sunday
3/21/2022,2022,3,March,Mar-22,2,Monday
3/22/2022,2022,3,March,Mar-22,3,Tuesday
3/23/2022,2022,3,March,Mar-22,4,Wednesday
3/24/2022,2022,3,March,Mar-22,5,Thursday
3/25/2022,2022,3,March,Mar-22,6,Friday
3/26/2022,2022,3,March,Mar-22,7,Saturday
3/27/2022,2022,3,March,Mar-22,1,Sunday
3/28/2022,2022,3,March,Mar-22,2,Monday
3/29/2022,2022,3,March,Mar-22,3,Tuesday
3/30/2022,2022,3,March,Mar-22,4,Wednesday
3/31/2022,2022,3,March,Mar-22,5,Thursday
4/1/2022,2022,4,April,Apr-22,6,Friday
4/2/2022,2022,4,April,Apr-22,7,Saturday
4/3/2022,2022,4,April,Apr-22,1,Sunday
4/4/2022,2022,4,April,Apr-22,2,Monday
4/5/2022,2022,4,April,Apr-22,3,Tuesday
4/6/2022,2022,4,April,Apr-22,4,Wednesday
4/7/2022,2022,4,April,Apr-22,5,Thursday
4/8/2022,2022,4,April,Apr-22,6,Friday
4/9/2022,2022,4,April,Apr-22,7,Saturday
4/10/2022,2022,4,April,Apr-22,1,Sunday
4/11/2022,2022,4,April,Apr-22,2,Monday
4/12/2022,2022,4,April,Apr-22,3,Tuesday
4/13/2022,2022,4,April,Apr-22,4,Wednesday
4/14/2022,2022,4,April,Apr-22,5,Thursday
4/15/2022,2022,4,April,Apr-22,6,Friday
4/16/2022,2022,4,April,Apr-22,7,Saturday
4/17/2022,2022,4,April,Apr-22,1,Sunday
4/18/2022,2022,4,April,Apr-22,2,Monday
4/19/2022,2022,4,April,Apr-22,3,Tuesday
4/20/2022,2022,4,April,Apr-22,4,Wednesday
4/21/2022,2022,4,April,Apr-22,5,Thursday
4/22/2022,2022,4,April,Apr-22,6,Friday
4/23/2022,2022,4,April,Apr-22,7,Saturday
4/24/2022,2022,4,April,Apr-22,1,Sunday
4/25/2022,2022,4,April,Apr-22,2,Monday
4/26/2022,2022,4,April,Apr-22,3,Tuesday
4/27/2022,2022,4,April,Apr-22,4,Wednesday
4/28/2022,2022,4,April,Apr-22,5,Thursday
4/29/2022,2022,4,April,Apr-22,6,Friday
4/30/2022,2022,4,April,Apr-22,7,Saturday
5/1/2022,2022,5,May,May-22,1,Sunday
5/2/2022,2022,5,May,May-22,2,Monday
5/3/2022,2022,5,May,May-22,3,Tuesday
5/4/2022,2022,5,May,May-22,4,Wednesday
5/5/2022,2022,5,May,May-22,5,Thursday
5/6/2022,2022,5,May,May-22,6,Friday
5/7/2022,2022,5,May,May-22,7,Saturday
5/8/2022,2022,5,May,May-22,1,Sunday
5/9/2022,2022,5,May,May-22,2,Monday
5/10/2022,2022,5,May,May-22,3,Tuesday
5/11/2022,2022,5,May,May-22,4,Wednesday
5/12/2022,2022,5,May,May-22,5,Thursday
5/13/2022,2022,5,May,May-22,6,Friday
5/14/2022,2022,5,May,May-22,7,Saturday
5/15/2022,2022,5,May,May-22,1,Sunday
5/16/2022,2022,5,May,May-22,2,Monday
5/17/2022,2022,5,May,May-22,3,Tuesday
5/18/2022,2022,5,May,May-22,4,Wednesday
5/19/2022,2022,5,May,May-22,5,Thursday
5/20/2022,2022,5,May,May-22,6,Friday
5/21/2022,2022,5,May,May-22,7,Saturday
5/22/2022,2022,5,May,May-22,1,Sunday
5/23/2022,2022,5,May,May-22,2,Monday
5/24/2022,2022,5,May,May-22,3,Tuesday
5/25/2022,2022,5,May,May-22,4,Wednesday
5/26/2022,2022,5,May,May-22,5,Thursday
5/27/2022,2022,5,May,May-22,6,Friday
5/28/2022,2022,5,May,May-22,7,Saturday
5/29/2022,2022,5,May,May-22,1,Sunday
5/30/2022,2022,5,May,May-22,2,Monday
5/31/2022,2022,5,May,May-22,3,Tuesday
6/1/2022,2022,6,June,Jun-22,4,Wednesday
6/2/2022,2022,6,June,Jun-22,5,Thursday
6/3/2022,2022,6,June,Jun-22,6,Friday
6/4/2022,2022,6,June,Jun-22,7,Saturday
6/5/2022,2022,6,June,Jun-22,1,Sunday
6/6/2022,2022,6,June,Jun-22,2,Monday
6/7/2022,2022,6,June,Jun-22,3,Tuesday
6/8/2022,2022,6,June,Jun-22,4,Wednesday
6/9/2022,2022,6,June,Jun-22,5,Thursday
